timestamp,latency,tx_bitrate_mbps,latitude,longitude
1754910572,53.1,0.297,,
1754910573,52.8,0.409,,
1754910574,45.2,0.406,,
1754910575,42.6,0.36,,
1754910576,48.8,0.454,,
1754910577,46.0,0.4,,
1754910578,52.0,0.391,,
1754910579,42.8,0.324,,
1754910580,43.6,0.316,,
1754910581,45.9,0.293,,
1754910582,49.0,0.408,,
1754910583,51.9,0.469,,
1754910584,46.8,0.407,,
1754910585,43.0,0.347,,
1754910586,46.9,0.424,,
1754910587,45.8,0.451,,
1754910588,40.4,0.416,48.26419,11.669741
1754910589,39.7,0.275,48.26419,11.669741
1754910590,59.1,0.288,48.264196,11.66979
1754910591,52.7,0.374,48.264172,11.669828
1754910592,46.9,0.357,48.264174,11.669884
1754910593,47.2,0.237,48.264174,11.669884
1754910594,51.0,0.266,48.264174,11.669884
1754910595,49.5,0.35,48.264174,11.669884
1754910596,48.6,0.405,48.264174,11.669884
1754910597,43.3,0.399,48.264174,11.669884
1754910598,40.9,0.288,48.264174,11.669884
1754910599,48.9,0.325,48.264174,11.669884
1754910600,62.5,0.437,48.264174,11.669884
1754910601,40.6,0.328,48.264174,11.669884
1754910602,44.5,0.337,48.264174,11.669884
1754910603,58.8,0.389,48.264174,11.669884
1754910604,43.0,0.325,48.264184,11.670641
1754910605,46.1,0.321,48.264176,11.670696
1754910606,37.7,0.354,48.264179,11.67074
1754910607,48.4,0.287,48.264174,11.67078
1754910608,50.4,0.22,48.26417,11.670808
1754910609,49.3,0.232,48.264162,11.670831
1754910610,51.0,0.296,48.264156,11.670859
1754910611,47.1,0.357,48.264153,11.670876
1754910612,47.8,0.454,48.264121,11.670908
1754910613,43.0,0.368,48.264102,11.670924
1754910614,37.1,0.263,48.264078,11.670931
1754910615,53.8,0.257,48.264049,11.670928
1754910616,45.7,0.255,48.264016,11.670917
1754910617,50.0,0.322,48.263978,11.670904
1754910618,41.7,0.281,48.263937,11.670888
1754910619,49.9,0.366,48.263893,11.670871
1754910620,49.0,0.264,48.263845,11.670852
1754910621,44.9,0.344,48.26379,11.67082
1754910622,45.2,0.239,48.26374,11.670808
1754910623,51.7,0.336,48.263694,11.670794
1754910624,50.7,0.255,48.263647,11.670774
1754910625,45.1,0.325,48.263597,11.670752
1754910626,42.8,0.351,48.26354,11.670729
1754910627,46.4,0.297,48.263477,11.670704
1754910628,43.8,0.41,48.263409,11.670678
1754910629,44.0,0.273,48.263339,11.670652
1754910630,46.7,0.335,48.263273,11.670631
1754910631,53.8,0.273,48.263204,11.670602
1754910632,43.8,0.443,48.263136,11.670576
1754910633,46.7,0.3,48.263064,11.670547
1754910634,51.8,0.374,48.262991,11.670519
1754910635,47.1,0.389,48.262917,11.67049
1754910636,57.7,0.366,48.262844,11.670461
1754910637,41.7,0.268,48.26277,11.670434
1754910638,52.9,0.318,48.262697,11.670407
1754910639,59.7,0.348,48.262625,11.670378
1754910640,46.5,0.451,48.262552,11.67035
1754910641,50.9,0.33,48.26248,11.670321
1754910642,44.9,0.369,48.262407,11.670293
1754910643,47.1,0.344,48.262335,11.670265
1754910644,43.3,0.302,48.262262,11.670238
1754910645,43.4,0.421,48.262187,11.67021
1754910646,52.5,0.22,48.262109,11.670181
1754910647,37.1,0.385,48.26203,11.67015
1754910648,57.7,0.342,48.261952,11.670119
1754910649,51.8,0.404,48.261876,11.670089
1754910650,41.7,0.316,48.2618,11.67006
1754910651,45.4,0.343,48.261726,11.670032
1754910652,44.1,0.259,48.261654,11.670003
1754910653,40.6,0.334,48.261585,11.669978
1754910654,46.7,0.423,48.261517,11.669954
1754910655,37.0,0.22,48.261449,11.66993
1754910656,48.8,0.29,48.261384,11.669906
1754910657,46.0,0.239,48.261321,11.66988
1754910658,44.0,0.299,48.261264,11.669852
1754910659,48.8,0.355,48.261211,11.669816
1754910660,44.4,0.27,48.261163,11.669765
1754910661,38.9,0.272,48.261129,11.669696
1754910662,52.9,0.316,48.261116,11.669613
1754910663,48.0,0.435,48.261119,11.669521
1754910664,62.8,0.379,48.26113,11.669423
1754910665,46.8,0.372,48.261142,11.669318
1754910666,45.0,0.447,48.261154,11.669209
1754910667,48.1,0.372,48.261167,11.669098
1754910668,45.3,0.331,48.26118,11.668986
1754910669,40.2,0.351,48.261192,11.668872
1754910670,46.6,0.364,48.261205,11.668756
1754910671,51.9,0.391,48.261218,11.668639
1754910672,59.8,0.345,48.261232,11.668521
1754910673,46.1,0.316,48.261246,11.668399
1754910674,41.8,0.23,48.261261,11.668272
1754910675,47.9,0.361,48.261277,11.66814
1754910676,52.7,0.301,48.261293,11.668007
1754910677,47.6,0.246,48.261309,11.667872
1754910678,56.9,0.255,48.261325,11.667737
1754910679,46.2,0.256,48.261341,11.6676
1754910680,42.6,0.329,48.261358,11.667459
1754910681,53.6,0.294,48.261375,11.667318
1754910682,57.9,0.353,48.261392,11.667176
1754910683,42.2,0.325,48.261409,11.667032
1754910684,53.0,0.411,48.261426,11.666885
1754910685,44.7,0.312,48.261445,11.666735
1754910686,53.7,0.346,48.261464,11.666585
1754910687,50.8,0.276,48.261482,11.666435
1754910688,52.1,0.274,48.2615,11.666285
1754910689,46.7,0.385,48.261517,11.666134
1754910690,53.5,0.357,48.261534,11.665985
1754910691,47.6,0.336,48.261551,11.665837
1754910692,47.9,0.414,48.261568,11.665687
1754910693,52.6,0.349,48.261587,11.665535
1754910694,54.3,0.305,48.261606,11.665381
1754910695,45.8,0.434,48.261625,11.665225
1754910696,40.0,0.341,48.261644,11.665071
1754910697,61.4,0.25,48.261662,11.664916
1754910698,51.2,0.338,48.261681,11.664761
1754910699,73.0,0.278,48.261699,11.664607
1754910700,69.7,0.384,48.261717,11.664452
1754910701,42.4,0.241,48.261736,11.664295
1754910702,47.9,0.276,48.261755,11.664138
1754910703,47.3,0.284,48.261774,11.66398
1754910704,49.8,0.418,48.261793,11.663821
1754910705,57.1,0.377,48.261812,11.663662
1754910706,44.8,0.242,48.261831,11.6635
1754910707,53.1,0.326,48.26185,11.663337
1754910708,51.8,0.288,48.26187,11.663172
1754910709,49.8,0.358,48.26189,11.663004
1754910710,45.7,0.363,48.26191,11.662835
1754910711,50.7,0.328,48.26193,11.662667
1754910712,52.7,0.342,48.261949,11.662503
1754910713,48.1,0.391,48.261968,11.662339
1754910714,41.9,0.309,48.261987,11.662174
1754910715,52.6,0.31,48.262007,11.662007
1754910716,48.0,0.304,48.262026,11.661841
1754910717,50.6,0.293,48.262046,11.661674
1754910718,55.0,0.27,48.262065,11.661509
1754910719,48.9,0.316,48.262083,11.661345
1754910720,47.9,0.319,48.262103,11.661183
1754910721,42.0,0.381,48.262122,11.661023
1754910722,45.6,0.336,48.26214,11.660863
1754910723,46.1,0.303,48.262159,11.660706
1754910724,52.4,0.246,48.262177,11.660548
1754910725,56.5,0.326,48.262197,11.660392
1754910726,56.1,0.333,48.262216,11.660236
1754910727,66.1,0.463,48.262237,11.660083
1754910728,53.7,0.288,48.262257,11.659933
1754910729,50.0,0.308,48.262274,11.659783
1754910730,53.8,0.347,48.262289,11.659636
1754910731,49.3,0.239,48.262305,11.659493
1754910732,56.0,0.36,48.262325,11.659353
1754910733,40.0,0.255,48.262355,11.659219
1754910734,53.8,0.312,48.262393,11.659092
1754910735,55.6,0.347,48.26243,11.658965
1754910736,42.7,0.308,48.262462,11.65884
1754910737,41.8,0.343,48.262488,11.65872
1754910738,50.3,0.392,48.262511,11.658614
1754910739,59.1,0.341,48.262534,11.658527
1754910740,41.9,0.354,48.26256,11.65846
1754910741,48.1,0.323,48.262587,11.658415
1754910742,37.7,0.304,48.262611,11.658392
1754910743,44.9,0.404,48.262626,11.65838
1754910744,38.1,0.296,48.262636,11.658374
1754910745,54.1,0.349,48.262638,11.658373
1754910746,59.7,0.287,48.262638,11.658373
1754910747,56.8,0.401,48.262638,11.658373
1754910748,60.8,0.301,48.262638,11.658373
1754910749,50.1,0.321,48.262638,11.658373
1754910750,43.9,0.238,48.262638,11.658373
1754910751,42.0,0.392,48.262638,11.658373
1754910752,45.9,0.295,48.262638,11.658373
1754910753,47.8,0.388,48.262638,11.658373
1754910754,44.9,0.311,48.262638,11.658373
1754910755,47.5,0.302,48.262638,11.658373
1754910756,45.8,0.332,48.262638,11.658373
1754910757,52.2,0.3,48.262638,11.658373
1754910758,40.9,0.342,48.262638,11.658373
1754910759,48.9,0.323,48.262638,11.658373
1754910760,42.7,0.317,48.262638,11.658373
1754910761,55.1,0.29,48.262639,11.658373
1754910762,35.8,0.341,48.262651,11.658366
1754910763,44.7,0.242,48.262682,11.658356
1754910764,46.7,0.333,48.262728,11.658359
1754910765,50.7,0.422,48.262783,11.658387
1754910766,43.6,0.403,48.262846,11.65843
1754910767,46.1,0.257,48.262918,11.658481
1754910768,51.4,0.349,48.262999,11.65854
1754910769,48.1,0.239,48.263087,11.658605
1754910770,44.0,0.323,48.263179,11.658674
1754910771,44.8,0.293,48.263275,11.658746
1754910772,48.5,0.262,48.263375,11.65882
1754910773,44.9,0.243,48.263481,11.658897
1754910774,58.8,0.409,48.263595,11.658979
1754910775,123.0,0.244,48.263712,11.659065
1754910776,52.8,0.247,48.263831,11.659155
1754910777,50.4,0.248,48.263951,11.659249
1754910778,45.5,0.242,48.264073,11.659342
1754910779,51.0,0.328,48.264194,11.659435
1754910780,50.8,0.326,48.264315,11.659529
1754910781,44.7,0.25,48.264435,11.659621
1754910782,45.8,0.327,48.264553,11.659712
1754910783,50.1,0.252,48.264669,11.659803
1754910784,43.8,0.362,48.264785,11.659894
1754910785,52.7,0.362,48.264899,11.659982
1754910786,55.0,0.321,48.265011,11.660067
1754910787,47.3,0.321,48.265123,11.660153
1754910788,53.9,0.336,48.265234,11.660238
1754910789,35.5,0.243,48.265346,11.660327
1754910790,49.9,0.215,48.26546,11.660417
1754910791,39.5,0.29,48.265578,11.66051
1754910792,43.6,0.312,48.265699,11.660606
1754910793,50.5,0.306,48.265823,11.660706
1754910794,56.1,0.356,48.265949,11.66081
1754910795,69.8,0.324,48.266077,11.660917
1754910796,52.0,0.245,48.266206,11.661027
1754910797,53.0,0.233,48.266334,11.661139
1754910798,44.1,0.309,48.266462,11.661252
1754910799,45.0,0.24,48.266589,11.661367
1754910800,41.8,0.316,48.266716,11.661483
1754910801,46.7,0.371,48.266843,11.661599
1754910802,50.6,0.225,48.266969,11.661717
1754910803,54.0,0.248,48.267094,11.661835
1754910804,62.1,0.304,48.267218,11.661954
1754910805,48.0,0.323,48.267343,11.662076
1754910806,43.9,0.234,48.267468,11.662199
1754910807,46.1,0.242,48.267592,11.662322
1754910808,52.4,0.325,48.267716,11.662446
1754910809,56.5,0.288,48.26784,11.662571
1754910810,53.8,0.29,48.267964,11.662696
1754910811,42.0,0.273,48.268091,11.662824
1754910812,46.7,0.237,48.268218,11.662952
1754910813,58.3,0.247,48.268346,11.66308
1754910814,46.2,0.282,48.268474,11.663207
1754910815,48.9,0.254,48.2686,11.663331
1754910816,45.9,0.294,48.268722,11.663449
1754910817,55.9,0.278,48.268841,11.663565
1754910818,40.1,0.31,48.268956,11.663678
1754910819,38.1,0.345,48.269068,11.66379
1754910820,50.9,0.238,48.269178,11.663899
1754910821,53.8,0.294,48.269286,11.664008
1754910822,48.9,0.331,48.269393,11.664115
1754910823,43.4,0.303,48.2695,11.664224
1754910824,42.0,0.36,48.269607,11.664334
1754910825,49.8,0.398,48.269713,11.664444
1754910826,45.8,0.362,48.269815,11.664555
1754910827,52.0,0.327,48.26991,11.664666
1754910828,46.1,0.227,48.269997,11.664771
1754910829,40.8,0.258,48.27008,11.664868
1754910830,50.2,0.316,48.270163,11.664958
1754910831,48.8,0.272,48.270251,11.665051
1754910832,42.6,0.356,48.270343,11.665148
1754910833,38.9,0.313,48.27044,11.665248
1754910834,44.1,0.345,48.27054,11.665351
1754910835,47.7,0.309,48.270644,11.665452
1754910836,41.6,0.286,48.270754,11.66555
1754910837,44.6,0.246,48.270865,11.665651
1754910838,45.7,0.286,48.270975,11.665754
1754910839,44.0,0.266,48.271081,11.665857
1754910840,62.2,0.237,48.271182,11.665959
1754910841,61.0,0.341,48.271279,11.666059
1754910842,52.0,0.326,48.271373,11.666157
1754910843,45.9,0.275,48.271465,11.666255
1754910844,55.6,0.292,48.271556,11.66635
1754910845,40.7,0.432,48.271646,11.666444
1754910846,57.3,0.235,48.271734,11.666536
1754910847,57.3,0.401,48.271824,11.666628
1754910848,47.9,0.269,48.271914,11.666722
1754910849,39.4,0.306,48.272005,11.666816
1754910850,55.3,0.335,48.272097,11.666912
1754910851,60.8,0.286,48.27219,11.667008
1754910852,60.8,0.263,48.272282,11.667104
1754910853,43.8,0.287,48.272372,11.667199
1754910854,41.9,0.364,48.272463,11.667293
1754910855,43.4,0.22,48.272555,11.667388
1754910856,41.6,0.262,48.272645,11.667481
1754910857,57.0,0.338,48.272735,11.667573
1754910858,46.4,0.201,48.272822,11.667664
1754910859,50.4,0.262,48.272911,11.667756
1754910860,55.8,0.232,48.273001,11.66785
1754910861,39.9,0.283,48.273094,11.667945
1754910862,45.6,0.319,48.273186,11.668041
1754910863,47.8,0.269,48.273277,11.668136
1754910864,53.0,0.343,48.273367,11.66823
1754910865,53.3,0.389,48.273457,11.668323
1754910866,41.7,0.259,48.273546,11.668415
1754910867,40.3,0.308,48.273634,11.668505
1754910868,54.7,0.258,48.273722,11.668595
1754910869,45.1,0.298,48.27381,11.668687
1754910870,43.8,0.265,48.273897,11.668777
1754910871,53.7,0.26,48.273984,11.668868
1754910872,40.1,0.324,48.274073,11.668959
1754910873,45.0,0.347,48.274162,11.669051
1754910874,46.1,0.263,48.274252,11.669145
1754910875,44.9,0.316,48.274342,11.669239
1754910876,43.8,0.365,48.27443,11.669331
1754910877,36.9,0.258,48.274519,11.669423
1754910878,44.7,0.414,48.274607,11.669514
1754910879,62.9,0.253,48.274693,11.669604
1754910880,63.0,0.261,48.274781,11.669696
1754910881,42.0,0.271,48.274868,11.669787
1754910882,40.8,0.245,48.274954,11.669877
1754910883,49.9,0.422,48.27504,11.669968
1754910884,46.8,0.279,48.275125,11.670057
1754910885,44.0,0.202,48.27521,11.670145
1754910886,45.2,0.272,48.275297,11.670235
1754910887,51.7,0.398,48.275384,11.670324
1754910888,45.8,0.343,48.275471,11.670414
1754910889,43.9,0.245,48.275557,11.670504
1754910890,44.9,0.385,48.275644,11.670594
1754910891,45.5,0.263,48.27573,11.670684
1754910892,46.0,0.247,48.275817,11.670774
1754910893,45.9,0.309,48.275906,11.670865
1754910894,40.9,0.297,48.275995,11.670957
1754910895,54.4,0.239,48.276084,11.671049
1754910896,47.8,0.245,48.276173,11.671143
1754910897,37.3,0.238,48.276261,11.671236
1754910898,50.5,0.284,48.27635,11.671329
1754910899,56.9,0.292,48.276438,11.671422
1754910900,56.6,0.257,48.276526,11.671514
1754910901,44.7,0.317,48.276612,11.671605
1754910902,44.2,0.272,48.276698,11.671694
1754910903,60.1,0.311,48.276779,11.671779
1754910904,50.2,0.23,48.276853,11.671856
1754910905,54.9,0.255,48.276925,11.671929
1754910906,40.1,0.243,48.276994,11.672
1754910907,46.0,0.274,48.27706,11.672068
1754910908,44.3,0.304,48.277125,11.672135
1754910909,44.9,0.35,48.27719,11.672201
1754910910,37.2,0.274,48.277252,11.672264
1754910911,46.1,0.265,48.277313,11.672327
1754910912,57.7,0.242,48.277374,11.672391
1754910913,52.0,0.35,48.277437,11.672456
1754910914,53.0,0.418,48.277503,11.672526
1754910915,46.6,0.328,48.277571,11.6726
1754910916,41.9,0.288,48.277641,11.672676
1754910917,52.7,0.379,48.277712,11.672756
1754910918,57.8,0.251,48.277784,11.67284
1754910919,56.9,0.28,48.277858,11.672925
1754910920,44.9,0.364,48.277935,11.67301
1754910921,51.0,0.311,48.278011,11.673093
1754910922,44.3,0.35,48.278087,11.673174
1754910923,42.3,0.326,48.278165,11.673249
1754910924,36.9,0.364,48.278246,11.673322
1754910925,36.2,0.367,48.278326,11.673403
1754910926,49.6,0.281,48.278405,11.673491
1754910927,54.8,0.444,48.27848,11.67358
1754910928,47.9,0.284,48.278551,11.67367
1754910929,45.8,0.457,48.278619,11.67376
1754910930,55.2,0.32,48.278682,11.673848
1754910931,43.7,0.319,48.278741,11.673932
1754910932,42.9,0.319,48.278796,11.674013
1754910933,59.7,0.439,48.278848,11.674092
1754910934,46.6,0.428,48.278899,11.674172
1754910935,49.2,0.371,48.27895,11.674254
1754910936,39.4,0.37,48.279003,11.674339
1754910937,53.6,0.318,48.279058,11.674428
1754910938,51.9,0.31,48.279116,11.674524
1754910939,63.9,0.29,48.279177,11.674627
1754910940,55.0,0.3,48.279241,11.674737
1754910941,36.9,0.282,48.279308,11.67485
1754910942,49.2,0.365,48.279378,11.674967
1754910943,60.6,0.3,48.279449,11.675085
1754910944,52.7,0.472,48.279522,11.675207
1754910945,43.1,0.253,48.279595,11.67533
1754910946,46.9,0.376,48.279668,11.675455
1754910947,53.7,0.228,48.27974,11.675578
1754910948,53.7,0.446,48.279812,11.6757
1754910949,39.1,0.397,48.279884,11.675822
1754910950,52.9,0.249,48.279955,11.675942
1754910951,93.9,0.349,48.280026,11.676059
1754910952,52.5,0.39,48.280098,11.676173
1754910953,46.9,0.448,48.280174,11.67628
1754910954,41.6,0.349,48.280255,11.676375
1754910955,84.7,0.249,48.280343,11.676458
1754910956,58.0,0.331,48.280436,11.676529
1754910957,48.1,0.272,48.280535,11.676587
1754910958,42.2,0.388,48.280638,11.67663
1754910959,43.7,0.331,48.280745,11.676659
1754910960,36.9,0.278,48.280854,11.676679
1754910961,61.9,0.401,48.280963,11.676696
1754910962,55.1,0.309,48.281072,11.676712
1754910963,49.9,0.44,48.281182,11.676727
1754910964,53.9,0.26,48.281292,11.676741
1754910965,42.8,0.231,48.281403,11.676757
1754910966,54.0,0.437,48.281514,11.676773
1754910967,46.7,0.373,48.281627,11.676789
1754910968,46.9,0.297,48.281739,11.676806
1754910969,54.9,0.313,48.281849,11.676822
1754910970,49.1,0.48,48.281958,11.676836
1754910971,41.4,0.416,48.282066,11.676849
1754910972,37.9,0.32,48.282169,11.67686
1754910973,52.3,0.269,48.282271,11.676867
1754910974,57.1,0.333,48.282372,11.676875
1754910975,56.0,0.385,48.282474,11.676886
1754910976,48.9,0.293,48.282578,11.676903
1754910977,41.0,0.248,48.282682,11.676927
1754910978,36.4,0.437,48.282785,11.676952
1754910979,63.7,0.252,48.282888,11.676972
1754910980,45.2,0.408,48.282994,11.676989
1754910981,37.0,0.427,48.283103,11.677005
1754910982,51.9,0.316,48.283214,11.677022
1754910983,52.2,0.374,48.283327,11.67704
1754910984,46.7,0.302,48.283441,11.677058
1754910985,42.5,0.247,48.283557,11.677076
1754910986,54.8,0.253,48.283673,11.677096
1754910987,69.6,0.416,48.283788,11.677119
1754910988,66.2,0.425,48.283902,11.677142
1754910989,37.8,0.302,48.284014,11.677168
1754910990,75.3,0.398,48.284124,11.677194
1754910991,64.7,0.444,48.284234,11.677219
1754910992,50.1,0.403,48.284342,11.677242
1754910993,39.8,0.288,48.284454,11.677265
1754910994,61.9,0.356,48.284568,11.677289
1754910995,52.9,0.325,48.284681,11.677313
1754910996,49.8,0.313,48.284795,11.677339
1754910997,49.2,0.24,48.284908,11.677366
1754910998,45.2,0.273,48.285018,11.677393
1754910999,51.2,0.362,48.285126,11.677422
1754911000,45.0,0.236,48.285233,11.677451
1754911001,64.7,0.259,48.285339,11.677482
1754911002,45.7,0.32,48.285447,11.677516
1754911003,50.3,0.4,48.285555,11.677551
1754911004,51.7,0.402,48.285662,11.677587
1754911005,48.9,0.269,48.285768,11.677624
1754911006,56.9,0.348,48.285874,11.677662
1754911007,53.1,0.355,48.28598,11.677699
1754911008,69.5,0.256,48.286085,11.677738
1754911009,48.7,0.307,48.28619,11.677778
1754911010,56.8,0.239,48.286293,11.677818
1754911011,57.5,0.255,48.286395,11.677858
1754911012,49.3,0.369,48.286497,11.677898
1754911013,90.4,0.317,48.286599,11.677939
1754911014,51.9,0.39,48.286702,11.677981
1754911015,77.4,0.325,48.286807,11.678025
1754911016,60.9,0.302,48.286913,11.678071
1754911017,70.1,0.326,48.287018,11.678117
1754911018,216.0,0.248,48.287123,11.678163
1754911019,69.1,0.34,48.287228,11.678211
1754911020,48.7,0.395,48.287334,11.678259
1754911021,39.2,0.396,48.287439,11.678307
1754911022,50.8,0.257,48.287544,11.678355
1754911023,112.0,0.395,48.287651,11.678403
1754911024,53.6,0.335,48.287757,11.678454
1754911025,53.3,0.308,48.287864,11.678506
1754911026,51.4,0.306,48.287969,11.678556
1754911027,43.0,0.264,48.288071,11.678604
1754911028,47.1,0.354,48.288173,11.678652
1754911029,50.7,0.37,48.288275,11.678701
1754911030,43.8,0.319,48.288378,11.67875
1754911031,49.7,0.296,48.288483,11.678799
1754911032,45.0,0.48,48.288588,11.678848
1754911033,45.4,0.268,48.288693,11.678898
1754911034,48.1,0.34,48.288797,11.678946
1754911035,40.1,0.412,48.2889,11.678994
1754911036,50.8,0.325,48.289003,11.679042
1754911037,52.0,0.262,48.289106,11.679091
1754911038,43.5,0.28,48.289208,11.679138
1754911039,43.0,0.279,48.28931,11.679186
1754911040,44.9,0.274,48.289414,11.679234
1754911041,52.9,0.444,48.289517,11.679282
1754911042,65.0,0.275,48.289618,11.67933
1754911043,67.1,0.436,48.289719,11.679377
1754911044,49.8,0.423,48.28982,11.679424
1754911045,41.7,0.364,48.289921,11.679471
1754911046,43.8,0.294,48.290024,11.679519
1754911047,50.4,0.312,48.290126,11.679567
1754911048,53.6,0.374,48.290228,11.679615
1754911049,49.1,0.227,48.290331,11.679663
1754911050,51.4,0.275,48.290433,11.67971
1754911051,49.9,0.256,48.290535,11.679758
1754911052,45.9,0.301,48.290637,11.679805
1754911053,50.0,0.321,48.290738,11.679853
1754911054,61.1,0.314,48.290838,11.679901
1754911055,57.1,0.347,48.290937,11.679949
1754911056,53.9,0.376,48.291037,11.679996
1754911057,46.7,0.345,48.291137,11.680044
1754911058,46.4,0.236,48.291238,11.680093
1754911059,55.4,0.247,48.29134,11.680142
1754911060,53.7,0.313,48.291443,11.680191
1754911061,42.0,0.317,48.291548,11.68024
1754911062,48.4,0.324,48.291654,11.68029
1754911063,45.3,0.368,48.29176,11.680338
1754911064,52.0,0.337,48.291865,11.680388
1754911065,43.8,0.3,48.29197,11.680438
1754911066,54.6,0.272,48.292074,11.680487
1754911067,41.8,0.255,48.292177,11.680536
1754911068,55.9,0.33,48.29228,11.680585
1754911069,42.9,0.296,48.292385,11.680634
1754911070,47.4,0.281,48.29249,11.680684
1754911071,56.1,0.452,48.292597,11.680734
1754911072,48.7,0.296,48.292701,11.680783
1754911073,50.9,0.291,48.292806,11.680833
1754911074,47.2,0.341,48.29291,11.680883
1754911075,37.7,0.294,48.293014,11.680934
1754911076,48.9,0.292,48.293119,11.680983
1754911077,55.9,0.427,48.293224,11.68103
1754911078,46.7,0.35,48.29333,11.681076
1754911079,57.3,0.291,48.293435,11.681124
1754911080,57.6,0.341,48.293538,11.681171
1754911081,48.8,0.372,48.293638,11.681217
1754911082,43.8,0.441,48.293738,11.681264
1754911083,50.1,0.309,48.29384,11.681311
1754911084,48.9,0.331,48.293941,11.681357
1754911085,48.3,0.23,48.294042,11.681404
1754911086,46.9,0.239,48.294144,11.681451
1754911087,40.8,0.254,48.294246,11.681497
1754911088,51.8,0.354,48.294349,11.681543
1754911089,61.3,0.343,48.294452,11.681589
1754911090,41.2,0.45,48.294553,11.681635
1754911091,40.1,0.313,48.294653,11.68168
1754911092,48.7,0.39,48.294754,11.681724
1754911093,50.9,0.319,48.294858,11.681768
1754911094,42.7,0.295,48.294962,11.681811
1754911095,40.7,0.364,48.295067,11.681854
1754911096,49.2,0.322,48.295169,11.681897
1754911097,51.9,0.452,48.295273,11.681939
1754911098,46.5,0.346,48.295377,11.681982
1754911099,37.8,0.266,48.295482,11.682024
1754911100,61.9,0.214,48.295587,11.682066
1754911101,60.0,0.372,48.295693,11.682108
1754911102,39.8,0.391,48.295798,11.682149
1754911103,37.8,0.32,48.295903,11.68219
1754911104,46.0,0.382,48.296008,11.68223
1754911105,48.1,0.244,48.296112,11.682269
1754911106,40.8,0.243,48.296216,11.682305
1754911107,52.9,0.304,48.296322,11.682342
1754911108,48.7,0.24,48.29643,11.682379
1754911109,46.2,0.352,48.296538,11.682415
1754911110,45.4,0.332,48.296645,11.68245
1754911111,45.8,0.365,48.296751,11.682484
1754911112,40.8,0.288,48.296857,11.682515
1754911113,50.8,0.336,48.296962,11.682546
1754911114,45.0,0.347,48.297068,11.682577
1754911115,39.1,0.237,48.297174,11.682608
1754911116,51.8,0.322,48.297279,11.682639
1754911117,45.7,0.375,48.297385,11.68267
1754911118,50.3,0.398,48.297492,11.6827
1754911119,54.1,0.366,48.2976,11.682731
1754911120,87.9,0.374,48.297708,11.682761
1754911121,45.5,0.274,48.297817,11.682791
1754911122,51.7,0.24,48.297924,11.682821
1754911123,46.8,0.302,48.29803,11.682849
1754911124,52.8,0.279,48.298135,11.682876
1754911125,39.0,0.388,48.298239,11.682902
1754911126,52.0,0.3,48.298345,11.682928
1754911127,49.4,0.244,48.298452,11.682954
1754911128,41.8,0.264,48.298559,11.68298
1754911129,44.2,0.39,48.298667,11.683005
1754911130,50.0,0.28,48.298774,11.683031
1754911131,45.9,0.281,48.29888,11.683055
1754911132,48.9,0.248,48.298985,11.68308
1754911133,44.2,0.274,48.299092,11.683105
1754911134,48.0,0.286,48.2992,11.68313
1754911135,44.8,0.317,48.29931,11.683154
1754911136,42.6,0.298,48.299419,11.683179
1754911137,48.9,0.339,48.299527,11.683204
1754911138,37.9,0.236,48.299634,11.683229
1754911139,57.6,0.265,48.299739,11.683255
1754911140,42.8,0.427,48.299842,11.68328
1754911141,40.9,0.344,48.299947,11.683304
1754911142,44.7,0.234,48.300053,11.683329
1754911143,38.9,0.421,48.300158,11.683353
1754911144,49.8,0.372,48.300264,11.683376
1754911145,44.7,0.25,48.300371,11.6834
1754911146,38.8,0.396,48.300479,11.683424
1754911147,45.2,0.321,48.300587,11.683448
1754911148,49.6,0.341,48.300693,11.683472
1754911149,48.4,0.283,48.300799,11.683497
1754911150,42.7,0.353,48.300907,11.683522
1754911151,50.8,0.322,48.301014,11.683547
1754911152,44.8,0.434,48.301121,11.68357
1754911153,44.2,0.264,48.301226,11.683592
1754911154,40.9,0.221,48.30133,11.683615
1754911155,45.2,0.24,48.301433,11.683638
1754911156,57.1,0.323,48.301535,11.683662
1754911157,45.5,0.347,48.301636,11.683685
1754911158,47.3,0.402,48.301738,11.683709
1754911159,43.7,0.323,48.301843,11.683733
1754911160,41.2,0.316,48.301948,11.683757
1754911161,50.9,0.241,48.302053,11.68378
1754911162,54.3,0.3,48.302159,11.683803
1754911163,41.6,0.203,48.302264,11.683827
1754911164,46.3,0.318,48.302367,11.68385
1754911165,59.6,0.235,48.302472,11.683874
1754911166,44.6,0.327,48.302578,11.683898
1754911167,42.5,0.27,48.302684,11.683921
1754911168,52.7,0.378,48.302789,11.683945
1754911169,46.8,0.333,48.302892,11.68397
1754911170,47.4,0.285,48.302995,11.683995
1754911171,41.8,0.262,48.3031,11.684021
1754911172,40.4,0.25,48.303206,11.684048
1754911173,37.9,0.321,48.303312,11.684076
1754911174,59.3,0.368,48.303419,11.684103
1754911175,44.7,0.303,48.303527,11.684132
1754911176,55.6,0.356,48.303635,11.684162
1754911177,40.1,0.431,48.303742,11.684194
1754911178,55.9,0.296,48.30385,11.684227
1754911179,54.9,0.296,48.303958,11.684259
1754911180,42.9,0.36,48.304065,11.684293
1754911181,36.6,0.314,48.304172,11.684327
1754911182,44.8,0.386,48.304278,11.684362
1754911183,56.8,0.352,48.304384,11.684399
1754911184,42.8,0.243,48.304489,11.684437
1754911185,44.7,0.319,48.304593,11.684477
1754911186,46.4,0.337,48.304697,11.684516
1754911187,47.6,0.405,48.3048,11.684556
1754911188,50.7,0.305,48.304903,11.684597
1754911189,48.4,0.372,48.305007,11.68464
1754911190,45.9,0.247,48.30511,11.684683
1754911191,48.6,0.279,48.305213,11.684727
1754911192,43.9,0.274,48.305318,11.684773
1754911193,51.0,0.324,48.305422,11.684819
1754911194,46.5,0.366,48.305525,11.684866
1754911195,43.3,0.313,48.305629,11.684913
1754911196,45.0,0.22,48.305733,11.684962
1754911197,47.1,0.261,48.305836,11.685011
1754911198,53.9,0.268,48.305938,11.685062
1754911199,37.6,0.394,48.30604,11.685113
1754911200,46.1,0.348,48.306142,11.685163
1754911201,43.0,0.264,48.306243,11.685213
1754911202,59.9,0.327,48.306344,11.685263
1754911203,37.8,0.312,48.306445,11.685313
1754911204,44.1,0.355,48.306547,11.685364
1754911205,43.8,0.423,48.306648,11.685415
1754911206,46.8,0.308,48.306749,11.685465
1754911207,46.8,0.315,48.30685,11.685516
1754911208,42.7,0.332,48.306952,11.685568
1754911209,47.0,0.251,48.307055,11.685621
1754911210,40.5,0.223,48.307158,11.685673
1754911211,36.3,0.252,48.307261,11.685725
1754911212,45.1,0.23,48.307364,11.685776
1754911213,40.9,0.309,48.307468,11.685828
1754911214,45.1,0.294,48.307571,11.68588
1754911215,48.8,0.334,48.307674,11.685931
1754911216,44.9,0.325,48.307778,11.685982
1754911217,36.8,0.197,48.307883,11.686033
1754911218,59.4,0.295,48.307987,11.686083
1754911219,53.7,0.238,48.30809,11.686133
1754911220,38.3,0.422,48.308193,11.686185
1754911221,49.1,0.266,48.308296,11.686236
1754911222,44.1,0.286,48.308399,11.686288
1754911223,53.2,0.214,48.308502,11.686339
1754911224,50.4,0.244,48.308604,11.686391
1754911225,35.6,0.253,48.308706,11.686441
1754911226,53.3,0.353,48.308808,11.686492
1754911227,42.1,0.308,48.308908,11.686542
1754911228,46.8,0.275,48.309009,11.686593
1754911229,44.9,0.295,48.30911,11.686644
1754911230,39.3,0.245,48.309213,11.686696
1754911231,61.8,0.265,48.309316,11.686748
1754911232,55.8,0.238,48.309419,11.686801
1754911233,39.8,0.33,48.309522,11.686853
1754911234,38.8,0.248,48.309626,11.686904
1754911235,50.7,0.235,48.30973,11.686956
1754911236,44.6,0.279,48.309833,11.687008
1754911237,38.2,0.212,48.309934,11.68706
1754911238,52.0,0.237,48.310036,11.687112
1754911239,41.9,0.314,48.310138,11.687163
1754911240,48.9,0.316,48.310239,11.687214
1754911241,42.8,0.238,48.310339,11.687264
1754911242,42.9,0.3,48.310442,11.687315
1754911243,42.3,0.32,48.310544,11.687366
1754911244,47.2,0.222,48.310645,11.687417
1754911245,41.3,0.275,48.310746,11.687467
1754911246,46.2,0.277,48.310845,11.687515
1754911247,43.8,0.325,48.310943,11.687565
1754911248,38.5,0.258,48.311042,11.687616
1754911249,49.5,0.31,48.311142,11.687667
1754911250,47.6,0.264,48.311242,11.687717
1754911251,45.6,0.253,48.311342,11.687767
1754911252,36.4,0.281,48.311444,11.687816
1754911253,43.8,0.306,48.311546,11.687866
1754911254,52.8,0.228,48.311651,11.687918
1754911255,40.9,0.245,48.311757,11.68797
1754911256,42.3,0.365,48.311861,11.688024
1754911257,48.8,0.402,48.311963,11.688076
1754911258,55.7,0.409,48.312063,11.688129
1754911259,46.8,0.264,48.312163,11.688181
1754911260,42.4,0.273,48.312263,11.688234
1754911261,49.0,0.321,48.312362,11.688286
1754911262,38.9,0.344,48.312464,11.688338
1754911263,44.9,0.308,48.312567,11.68839
1754911264,42.2,0.392,48.312669,11.688442
1754911265,50.0,0.343,48.312772,11.688494
1754911266,44.0,0.293,48.312874,11.688547
1754911267,46.4,0.363,48.312975,11.688599
1754911268,53.8,0.321,48.313077,11.688652
1754911269,44.8,0.329,48.313178,11.688703
1754911270,36.2,0.281,48.313278,11.688753
1754911271,36.9,0.264,48.313376,11.688803
1754911272,59.7,0.27,48.313476,11.688853
1754911273,44.9,0.287,48.313575,11.688904
1754911274,46.8,0.405,48.313675,11.688955
1754911275,51.6,0.374,48.313776,11.689007
1754911276,52.3,0.244,48.313879,11.68906
1754911277,48.8,0.369,48.313982,11.689114
1754911278,50.3,0.426,48.314083,11.689169
1754911279,37.6,0.347,48.314185,11.689223
1754911280,44.4,0.407,48.314286,11.689277
1754911281,45.2,0.248,48.314385,11.689329
1754911282,51.8,0.248,48.314485,11.689381
1754911283,47.0,0.238,48.314586,11.68943
1754911284,43.6,0.418,48.314688,11.689475
1754911285,39.8,0.258,48.314791,11.689518
1754911286,49.0,0.249,48.314892,11.68956
1754911287,45.4,0.377,48.314991,11.689603
1754911288,38.3,0.386,48.315086,11.689645
1754911289,38.2,0.358,48.315174,11.689689
1754911290,51.8,0.331,48.315257,11.689731
1754911291,46.9,0.341,48.315331,11.689769
1754911292,41.1,0.412,48.315395,11.689803
1754911293,44.0,0.397,48.315446,11.689831
1754911294,53.2,0.303,48.315488,11.689853
1754911295,46.5,0.357,48.315518,11.68987
1754911296,49.0,0.248,48.315535,11.689879
1754911297,42.9,0.423,48.315539,11.689881
1754911298,39.1,0.339,48.315539,11.689881
1754911299,44.8,0.248,48.315539,11.689881
1754911300,44.6,0.416,48.315539,11.689881
1754911301,49.0,0.257,48.315539,11.689881
1754911302,39.8,0.343,48.315539,11.689881
1754911303,44.9,0.207,48.315539,11.689881
1754911304,37.9,0.253,48.315539,11.689881
1754911305,47.0,0.377,48.315539,11.689881
1754911306,58.3,0.252,48.315539,11.689881
1754911307,40.0,0.354,48.315539,11.689881
1754911308,44.9,0.302,48.315539,11.689881
1754911309,49.3,0.285,48.315539,11.689881
1754911310,46.5,0.408,48.315539,11.689881
1754911311,48.0,0.274,48.315539,11.689881
1754911312,47.1,0.256,48.315539,11.689881
1754911313,48.1,0.25,48.315539,11.689881
1754911314,44.7,0.31,48.315539,11.689881
1754911315,51.9,0.368,48.315539,11.689881
1754911316,39.8,0.311,48.315539,11.689881
1754911317,45.8,0.32,48.315539,11.689881
1754911318,44.4,0.212,48.315539,11.689881
1754911319,44.1,0.249,48.315539,11.689881
1754911320,50.5,0.335,48.315539,11.689881
1754911321,44.7,0.281,48.315539,11.689881
1754911322,48.8,0.246,48.315539,11.689881
1754911323,53.8,0.446,48.315539,11.689881
1754911324,38.5,0.232,48.315539,11.689881
1754911325,46.0,0.282,48.315541,11.689882
1754911326,59.0,0.361,48.315554,11.689889
1754911327,50.2,0.323,48.31558,11.689904
1754911328,37.0,0.237,48.315612,11.689922
1754911329,47.9,0.353,48.315644,11.68994
1754911330,45.0,0.255,48.315674,11.689957
1754911331,52.9,0.364,48.315702,11.689966
1754911332,47.3,0.36,48.315729,11.689961
1754911333,39.9,0.305,48.315756,11.689936
1754911334,48.3,0.325,48.315778,11.689886
1754911335,51.8,0.288,48.31579,11.689814
1754911336,41.0,0.263,48.315793,11.689723
1754911337,45.7,0.281,48.315792,11.689618
1754911338,44.8,0.277,48.315788,11.6895
1754911339,46.6,0.35,48.31578,11.68937
1754911340,50.8,0.42,48.315769,11.689231
1754911341,44.6,0.27,48.315753,11.689085
1754911342,40.4,0.341,48.315729,11.688935
1754911343,38.6,0.278,48.315699,11.688783
1754911344,44.0,0.349,48.315663,11.688633
1754911345,48.9,0.252,48.315621,11.688484
1754911346,48.9,0.33,48.315573,11.688339
1754911347,40.8,0.421,48.315523,11.688195
1754911348,51.1,0.376,48.315472,11.688053
1754911349,56.2,0.301,48.315424,11.68791
1754911350,47.6,0.382,48.315379,11.687765
1754911351,73.0,0.302,48.315339,11.687616
1754911352,45.5,0.331,48.315306,11.68746
1754911353,50.7,0.264,48.315279,11.6873
1754911354,47.0,0.311,48.315258,11.687136
1754911355,48.2,0.239,48.315243,11.686971
1754911356,55.0,0.277,48.315231,11.686805
1754911357,44.8,0.366,48.315222,11.686642
1754911358,48.7,0.331,48.315211,11.686478
1754911359,57.6,0.365,48.315202,11.686315
1754911360,55.3,0.365,48.315193,11.686153
1754911361,47.0,0.264,48.315183,11.685992
1754911362,47.1,0.418,48.315173,11.68583
1754911363,41.3,0.277,48.315164,11.685669
1754911364,57.7,0.451,48.315155,11.685509
1754911365,51.1,0.328,48.315145,11.68535
1754911366,37.9,0.23,48.315135,11.685189
1754911367,51.9,0.37,48.315125,11.685025
1754911368,44.6,0.372,48.315115,11.684859
1754911369,53.1,0.34,48.315105,11.68469
1754911370,39.7,0.24,48.315095,11.68452
1754911371,47.7,0.286,48.315084,11.684347
1754911372,47.7,0.31,48.315073,11.684171
1754911373,58.1,0.267,48.315062,11.683991
1754911374,46.0,0.28,48.315051,11.683808
1754911375,42.9,0.388,48.315041,11.68362
1754911376,42.0,0.406,48.315031,11.683427
1754911377,52.8,0.272,48.315019,11.68323
1754911378,64.6,0.301,48.315008,11.68303
1754911379,46.4,0.234,48.314996,11.682826
1754911380,40.0,0.426,48.314985,11.682618
1754911381,51.0,0.287,48.314973,11.682407
1754911382,47.8,0.273,48.31496,11.682193
1754911383,47.2,0.325,48.314948,11.681977
1754911384,45.9,0.341,48.314935,11.681759
1754911385,41.9,0.288,48.314922,11.68154
1754911386,47.9,0.398,48.314909,11.681321
1754911387,44.5,0.428,48.314897,11.681101
1754911388,97.9,0.263,48.314883,11.68088
1754911389,38.5,0.374,48.314871,11.680659
1754911390,40.9,0.277,48.314858,11.680439
1754911391,43.1,0.325,48.314845,11.680219
1754911392,47.2,0.323,48.314833,11.679998
1754911393,41.7,0.292,48.314821,11.679778
1754911394,44.7,0.304,48.314808,11.679559
1754911395,49.1,0.379,48.314795,11.679344
1754911396,43.2,0.353,48.314783,11.679131
1754911397,46.7,0.235,48.314772,11.678917
1754911398,41.9,0.267,48.314759,11.678702
1754911399,56.3,0.399,48.314747,11.678487
1754911400,48.7,0.332,48.314734,11.678273
1754911401,40.9,0.427,48.314721,11.678058
1754911402,43.9,0.249,48.314706,11.677844
1754911403,44.6,0.327,48.314689,11.677632
1754911404,41.0,0.39,48.314673,11.67742
1754911405,44.7,0.362,48.314656,11.677209
1754911406,41.8,0.387,48.314639,11.676997
1754911407,56.2,0.299,48.314621,11.676782
1754911408,46.6,0.378,48.314603,11.676568
1754911409,44.6,0.239,48.314585,11.676355
1754911410,62.5,0.224,48.314566,11.676143
1754911411,45.0,0.246,48.314545,11.675933
1754911412,37.9,0.288,48.314521,11.675725
1754911413,41.8,0.305,48.314495,11.675519
1754911414,46.8,0.223,48.314468,11.675314
1754911415,43.9,0.255,48.314441,11.675112
1754911416,36.6,0.31,48.314414,11.674911
1754911417,51.9,0.296,48.314387,11.674712
1754911418,53.4,0.341,48.314361,11.674516
1754911419,38.4,0.395,48.314335,11.674322
1754911420,45.8,0.301,48.31431,11.674133
1754911421,44.9,0.329,48.314285,11.673949
1754911422,38.2,0.351,48.314262,11.673775
1754911423,45.8,0.247,48.31424,11.67361
1754911424,42.7,0.285,48.314219,11.673456
1754911425,60.9,0.428,48.314199,11.673314
1754911426,45.0,0.29,48.314183,11.673188
1754911427,48.9,0.309,48.314169,11.673077
1754911428,46.9,0.325,48.314158,11.672974
1754911429,39.8,0.319,48.314153,11.672875
1754911430,50.6,0.365,48.314158,11.672779
1754911431,39.3,0.436,48.314181,11.67269
1754911432,42.2,0.441,48.314207,11.672604
1754911433,38.8,0.281,48.314217,11.672517
1754911434,44.4,0.277,48.314204,11.672436
1754911435,63.4,0.263,48.314171,11.672371
1754911436,64.6,0.259,48.314126,11.672312
1754911437,51.8,0.327,48.314083,11.672237
1754911438,51.5,0.369,48.314053,11.672139
1754911439,59.2,0.399,48.314031,11.672024
1754911440,55.5,0.36,48.31401,11.671898
1754911441,48.0,0.277,48.313991,11.67176
1754911442,48.7,0.299,48.313971,11.671615
1754911443,50.9,0.294,48.313953,11.671465
1754911444,45.9,0.257,48.313934,11.671313
1754911445,48.3,0.299,48.313914,11.671158
1754911446,46.6,0.346,48.313893,11.671
1754911447,39.6,0.321,48.313871,11.67084
1754911448,67.3,0.311,48.31385,11.670678
1754911449,39.2,0.36,48.313827,11.670516
1754911450,46.5,0.396,48.313805,11.670352
1754911451,44.2,0.362,48.313784,11.670187
1754911452,46.9,0.315,48.313762,11.670022
1754911453,46.9,0.328,48.31374,11.669858
1754911454,43.9,0.315,48.313718,11.669695
1754911455,45.0,0.303,48.313696,11.669534
1754911456,46.7,0.335,48.313675,11.669381
1754911457,58.1,0.257,48.313657,11.669243
1754911458,54.0,0.366,48.313641,11.669123
1754911459,40.0,0.268,48.313627,11.669023
1754911460,45.9,0.331,48.313616,11.668944
1754911461,53.2,0.358,48.313609,11.66889
1754911462,44.4,0.316,48.313604,11.668856
1754911463,41.0,0.384,48.3136,11.668824
1754911464,46.1,0.3,48.313594,11.668774
1754911465,49.4,0.274,48.313584,11.668704
1754911466,46.0,0.254,48.313573,11.668616
1754911467,47.0,0.317,48.313559,11.668511
1754911468,43.7,0.393,48.313544,11.668394
1754911469,44.2,0.432,48.313526,11.668264
1754911470,45.9,0.298,48.313507,11.668123
1754911471,41.0,0.323,48.313486,11.667975
1754911472,54.8,0.41,48.313465,11.667819
1754911473,46.8,0.351,48.313443,11.667658
1754911474,48.1,0.328,48.31342,11.667496
1754911475,47.1,0.44,48.313398,11.667331
1754911476,42.2,0.352,48.313376,11.667165
1754911477,36.7,0.294,48.313353,11.666998
1754911478,36.8,0.349,48.31333,11.66683
1754911479,50.8,0.497,48.313306,11.666661
1754911480,44.6,0.245,48.313283,11.666491
1754911481,37.5,0.321,48.31326,11.666322
1754911482,51.9,0.367,48.313237,11.666154
1754911483,44.9,0.346,48.313213,11.665987
1754911484,45.6,0.24,48.313188,11.665822
1754911485,39.9,0.316,48.313164,11.665658
1754911486,38.1,0.272,48.313139,11.665497
1754911487,50.3,0.308,48.313114,11.665339
1754911488,39.8,0.37,48.31309,11.665184
1754911489,63.0,0.273,48.313066,11.665032
1754911490,38.9,0.372,48.313042,11.664888
1754911491,48.2,0.257,48.313019,11.664755
1754911492,39.9,0.39,48.312996,11.664632
1754911493,59.1,0.249,48.312974,11.664524
1754911494,39.7,0.246,48.312955,11.664432
1754911495,43.2,0.441,48.312939,11.664361
1754911496,45.2,0.279,48.312929,11.664312
1754911497,51.9,0.379,48.312922,11.664284
1754911498,44.8,0.227,48.31292,11.664274
1754911499,38.9,0.313,48.31292,11.664274
1754911500,36.8,0.27,48.31292,11.664274
1754911501,49.6,0.376,48.31292,11.664274
1754911502,43.7,0.256,48.31292,11.664274
1754911503,38.5,0.325,48.31292,11.664274
1754911504,36.1,0.319,48.31292,11.664272
1754911505,43.9,0.3,48.312915,11.664253
1754911506,46.1,0.351,48.312905,11.664208
1754911507,48.8,0.377,48.312891,11.664148
1754911508,42.0,0.247,48.312875,11.664079
1754911509,47.9,0.345,48.312858,11.663997
1754911510,47.3,0.437,48.312836,11.663901
1754911511,44.7,0.234,48.312808,11.663798
1754911512,41.7,0.281,48.312776,11.663684
1754911513,39.8,0.372,48.312742,11.66356
1754911514,48.0,0.271,48.312706,11.663426
1754911515,43.8,0.468,48.312668,11.663285
1754911516,49.9,0.271,48.31263,11.663143
1754911517,47.6,0.297,48.312594,11.663008
1754911518,60.0,0.281,48.31256,11.662882
1754911519,51.9,0.247,48.31253,11.662767
1754911520,39.6,0.27,48.312501,11.662662
1754911521,45.7,0.369,48.312474,11.662564
1754911522,47.8,0.367,48.312447,11.662467
1754911523,55.9,0.347,48.312418,11.662365
1754911524,41.9,0.261,48.312389,11.662259
1754911525,48.8,0.277,48.312359,11.662152
1754911526,55.8,0.254,48.312329,11.662044
1754911527,44.9,0.317,48.312299,11.661936
1754911528,40.6,0.308,48.312269,11.66183
1754911529,43.4,0.254,48.31224,11.661727
1754911530,38.8,0.27,48.312211,11.661622
1754911531,41.3,0.313,48.312181,11.661516
1754911532,41.6,0.349,48.312152,11.66141
1754911533,48.2,0.328,48.312122,11.661305
1754911534,43.9,0.323,48.312093,11.6612
1754911535,48.6,0.338,48.312064,11.661095
1754911536,51.4,0.323,48.312035,11.66099
1754911537,40.5,0.274,48.312005,11.660886
1754911538,48.1,0.377,48.311976,11.660782
1754911539,40.9,0.405,48.311947,11.660678
1754911540,51.4,0.286,48.311919,11.660576
1754911541,47.3,0.223,48.31189,11.660473
1754911542,56.2,0.358,48.311862,11.660371
1754911543,63.9,0.308,48.311834,11.660269
1754911544,50.0,0.353,48.311806,11.660168
1754911545,56.7,0.295,48.311779,11.660068
1754911546,39.9,0.321,48.311752,11.65997
1754911547,44.9,0.415,48.311725,11.659872
1754911548,44.8,0.326,48.311698,11.659775
1754911549,50.8,0.238,48.311671,11.659678
1754911550,52.1,0.266,48.311644,11.65958
1754911551,56.8,0.329,48.311614,11.659474
1754911552,53.7,0.368,48.311582,11.659361
1754911553,53.9,0.331,48.311548,11.659241
1754911554,48.1,0.324,48.311512,11.65911
1754911555,42.3,0.252,48.311472,11.65897
1754911556,40.1,0.337,48.31143,11.658821
1754911557,50.9,0.301,48.311386,11.658667
1754911558,45.8,0.254,48.311343,11.658509
1754911559,52.8,0.219,48.311298,11.658349
1754911560,43.6,0.252,48.311254,11.658188
1754911561,81.6,0.374,48.311211,11.65803
1754911562,38.7,0.3,48.311171,11.657888
1754911563,39.4,0.253,48.311142,11.657779
1754911564,37.5,0.443,48.311122,11.65771
1754911565,50.1,0.439,48.311112,11.657675
1754911566,45.8,0.284,48.311109,11.657665
1754911567,49.5,0.25,48.31111,11.657665
1754911568,53.9,0.349,48.31111,11.657665
1754911569,53.8,0.352,48.31111,11.657665
1754911570,42.9,0.25,48.31111,11.657665
1754911571,36.7,0.291,48.31111,11.657665
1754911572,44.9,0.242,48.31111,11.657665
1754911573,52.8,0.314,48.31111,11.657665
1754911574,46.7,0.251,48.31111,11.657665
1754911575,45.0,0.305,48.31111,11.657665
1754911576,48.8,0.325,48.31111,11.657665
1754911577,50.2,0.323,48.31111,11.657665
1754911578,43.9,0.364,48.31111,11.657665
1754911579,38.0,0.244,48.31111,11.657665
1754911580,42.4,0.361,48.31111,11.657665
1754911581,46.8,0.357,48.31111,11.657665
1754911582,39.0,0.302,48.31111,11.657664
1754911583,43.9,0.239,48.31111,11.657664
1754911584,38.1,0.321,48.31111,11.657664
1754911585,47.8,0.353,48.31111,11.657664
1754911586,52.1,0.369,48.31111,11.657664
1754911587,39.1,0.414,48.31111,11.657664
1754911588,39.2,0.364,48.31111,11.657664
1754911589,43.0,0.251,48.31111,11.657664
1754911590,48.4,0.298,48.31111,11.657664
1754911591,51.9,0.269,48.31111,11.657664
1754911592,48.8,0.257,48.31111,11.657664
1754911593,46.8,0.284,48.31111,11.657664
1754911594,49.8,0.329,48.311105,11.657649
1754911595,43.8,0.324,48.311094,11.657608
1754911596,40.0,0.321,48.311076,11.657544
1754911597,60.0,0.278,48.311052,11.65746
1754911598,52.1,0.46,48.311024,11.657356
1754911599,40.9,0.379,48.31099,11.657235
1754911600,51.8,0.397,48.310951,11.657097
1754911601,36.7,0.316,48.310908,11.656945
1754911602,50.8,0.251,48.310863,11.656783
1754911603,44.7,0.342,48.310817,11.656614
1754911604,38.2,0.327,48.31077,11.656441
1754911605,44.8,0.392,48.310724,11.656269
1754911606,50.0,0.241,48.310678,11.656097
1754911607,46.2,0.227,48.310631,11.655923
1754911608,47.2,0.334,48.310584,11.655749
1754911609,56.1,0.422,48.310537,11.655573
1754911610,47.9,0.437,48.310489,11.655395
1754911611,58.2,0.388,48.310439,11.655211
1754911612,45.9,0.288,48.310387,11.655023
1754911613,41.8,0.322,48.310335,11.654831
1754911614,37.8,0.313,48.31028,11.654637
1754911615,56.0,0.327,48.310223,11.654442
1754911616,44.0,0.434,48.310165,11.654248
1754911617,47.0,0.23,48.310106,11.654056
1754911618,52.8,0.274,48.310045,11.653869
1754911619,36.0,0.387,48.309984,11.653689
1754911620,58.4,0.363,48.309925,11.653523
1754911621,45.0,0.331,48.30987,11.653373
1754911622,38.7,0.239,48.309821,11.653242
1754911623,50.0,0.281,48.309777,11.653131
1754911624,48.5,0.321,48.30974,11.653038
1754911625,49.7,0.328,48.30971,11.65296
1754911626,39.0,0.23,48.309683,11.652892
1754911627,52.5,0.261,48.30966,11.652835
1754911628,48.1,0.219,48.309643,11.652791
1754911629,55.0,0.263,48.309632,11.652765
1754911630,50.0,0.314,48.309629,11.652757
1754911631,38.5,0.299,48.309629,11.652757
1754911632,44.1,0.291,48.309629,11.652757
1754911633,45.9,0.251,48.309629,11.652757
1754911634,41.5,0.359,48.309629,11.652757
1754911635,38.0,0.299,48.309629,11.652757
1754911636,55.1,0.426,48.309629,11.652757
1754911637,37.0,0.318,48.309629,11.652757
1754911638,51.6,0.303,48.309629,11.652757
1754911639,47.0,0.361,48.309629,11.652757
1754911640,41.6,0.401,48.309629,11.652757
1754911641,46.8,0.449,48.309629,11.652757
1754911642,44.5,0.374,48.309629,11.652757
1754911643,57.9,0.303,48.309629,11.652757
1754911644,48.6,0.319,48.309626,11.652749
1754911645,40.0,0.329,48.309614,11.652719
1754911646,51.0,0.355,48.309592,11.652665
1754911647,48.2,0.265,48.309562,11.652592
1754911648,49.0,0.244,48.309524,11.652498
1754911649,40.5,0.272,48.30948,11.652387
1754911650,47.0,0.359,48.30943,11.652262
1754911651,43.7,0.336,48.309376,11.652126
1754911652,46.1,0.243,48.309318,11.651979
1754911653,39.8,0.262,48.309258,11.651825
1754911654,52.0,0.251,48.309195,11.651667
1754911655,40.0,0.256,48.30913,11.651502
1754911656,52.0,0.34,48.309062,11.651332
1754911657,46.8,0.368,48.308992,11.651158
1754911658,40.0,0.35,48.308921,11.650978
1754911659,36.8,0.371,48.308849,11.650798
1754911660,43.0,0.403,48.308777,11.650618
1754911661,60.1,0.328,48.308706,11.650438
1754911662,37.6,0.277,48.308636,11.650258
1754911663,51.0,0.328,48.308567,11.650076
1754911664,46.5,0.274,48.308498,11.649893
1754911665,48.1,0.239,48.308428,11.649711
1754911666,53.9,0.287,48.308356,11.649529
1754911667,47.5,0.378,48.308283,11.649349
1754911668,48.5,0.283,48.308209,11.649169
1754911669,55.9,0.41,48.308135,11.648989
1754911670,47.8,0.265,48.30806,11.648809
1754911671,53.0,0.304,48.307985,11.648626
1754911672,49.6,0.38,48.307908,11.648442
1754911673,53.8,0.237,48.30783,11.648258
1754911674,45.3,0.339,48.307753,11.648073
1754911675,41.9,0.364,48.307676,11.647887
1754911676,44.8,0.292,48.307599,11.6477
1754911677,43.9,0.295,48.307522,11.647513
1754911678,43.1,0.329,48.307445,11.647324
1754911679,48.0,0.3,48.307369,11.647136
1754911680,42.0,0.266,48.307294,11.646949
1754911681,39.1,0.263,48.30722,11.646761
1754911682,47.7,0.402,48.307145,11.646574
1754911683,45.9,0.266,48.307071,11.646387
1754911684,37.8,0.355,48.306997,11.646202
1754911685,50.1,0.232,48.306923,11.646018
1754911686,44.6,0.388,48.306851,11.645837
1754911687,49.7,0.315,48.306779,11.645658
1754911688,45.8,0.241,48.306708,11.645478
1754911689,54.4,0.356,48.306636,11.645298
1754911690,57.3,0.343,48.306564,11.645117
1754911691,38.9,0.322,48.306491,11.644935
1754911692,35.3,0.266,48.306418,11.644751
1754911693,50.9,0.3,48.306345,11.644568
1754911694,51.2,0.292,48.306271,11.644385
1754911695,52.9,0.339,48.306197,11.644203
1754911696,50.0,0.273,48.306124,11.644022
1754911697,44.9,0.441,48.30605,11.643841
1754911698,63.7,0.284,48.305977,11.643661
1754911699,46.8,0.275,48.305903,11.643482
1754911700,37.4,0.236,48.30583,11.643302
1754911701,47.9,0.233,48.305756,11.643123
1754911702,53.1,0.256,48.305683,11.642945
1754911703,37.9,0.321,48.305609,11.642772
1754911704,42.8,0.294,48.305536,11.642601
1754911705,46.7,0.304,48.305464,11.642434
1754911706,47.7,0.291,48.305395,11.642272
1754911707,43.7,0.335,48.30533,11.642118
1754911708,42.9,0.393,48.30527,11.641975
1754911709,45.0,0.328,48.305216,11.641846
1754911710,46.9,0.252,48.305167,11.641733
1754911711,49.7,0.289,48.305124,11.641634
1754911712,48.3,0.239,48.305088,11.641551
1754911713,49.5,0.278,48.30506,11.641486
1754911714,44.2,0.241,48.305039,11.641439
1754911715,44.2,0.315,48.305025,11.641407
1754911716,46.6,0.312,48.305017,11.64139
1754911717,38.8,0.437,48.305016,11.641386
1754911718,47.4,0.331,48.305016,11.641386
1754911719,52.1,0.211,48.305016,11.641386
1754911720,39.7,0.331,48.305016,11.641386
1754911721,49.9,0.359,48.305016,11.641386
1754911722,46.8,0.253,48.305016,11.641386
1754911723,44.0,0.373,48.305016,11.641386
1754911724,46.8,0.394,48.305016,11.641386
1754911725,46.9,0.286,48.305016,11.641386
1754911726,36.0,0.249,48.305016,11.641386
1754911727,51.1,0.352,48.305016,11.641386
1754911728,52.8,0.323,48.305016,11.641386
1754911729,47.8,0.436,48.305016,11.641386
1754911730,55.2,0.424,48.305016,11.641386
1754911731,47.7,0.377,48.305016,11.641386
1754911732,63.9,0.27,48.305016,11.641386
1754911733,44.9,0.349,48.305016,11.641386
1754911734,39.8,0.347,48.305016,11.641386
1754911735,56.7,0.267,48.305016,11.641386
1754911736,50.7,0.232,48.305016,11.641386
1754911737,39.2,0.302,48.305016,11.641386
1754911738,43.5,0.284,48.305016,11.641386
1754911739,40.7,0.326,48.305016,11.641386
1754911740,52.8,0.371,48.305016,11.641386
1754911741,44.8,0.365,48.305016,11.641386
1754911742,39.8,0.248,48.305016,11.641386
1754911743,53.8,0.425,48.305016,11.641386
1754911744,41.0,0.314,48.305016,11.641386
1754911745,46.3,0.387,48.305016,11.641386
1754911746,43.1,0.284,48.305016,11.641386
1754911747,49.8,0.356,48.305016,11.641386
1754911748,54.3,0.395,48.305013,11.64138
1754911749,55.1,0.279,48.305002,11.641354
1754911750,38.0,0.331,48.304981,11.641306
1754911751,35.9,0.346,48.304952,11.641239
1754911752,48.6,0.406,48.304915,11.641154
1754911753,44.0,0.316,48.304871,11.64105
1754911754,38.7,0.285,48.304819,11.640929
1754911755,46.9,0.312,48.30476,11.640794
1754911756,49.8,0.363,48.304695,11.640646
1754911757,60.2,0.323,48.304626,11.640488
1754911758,56.0,0.34,48.304554,11.640319
1754911759,42.6,0.263,48.304478,11.640144
1754911760,46.7,0.286,48.304401,11.639963
1754911761,54.0,0.249,48.304322,11.639779
1754911762,50.2,0.413,48.304244,11.639598
1754911763,49.3,0.405,48.304166,11.639418
1754911764,45.1,0.326,48.304088,11.639236
1754911765,45.0,0.241,48.30401,11.639053
1754911766,47.2,0.282,48.30393,11.638869
1754911767,66.1,0.259,48.30385,11.638681
1754911768,50.8,0.235,48.303769,11.638493
1754911769,37.0,0.338,48.303689,11.638306
1754911770,40.4,0.287,48.30361,11.638121
1754911771,49.7,0.252,48.303531,11.637938
1754911772,52.9,0.261,48.303455,11.637756
1754911773,51.2,0.287,48.303379,11.637577
1754911774,48.0,0.32,48.303307,11.637403
1754911775,48.0,0.337,48.303241,11.637241
1754911776,51.2,0.327,48.303182,11.637095
1754911777,49.1,0.386,48.303129,11.636965
1754911778,42.9,0.239,48.303084,11.636853
1754911779,38.2,0.258,48.303045,11.636757
1754911780,48.9,0.344,48.303012,11.636677
1754911781,48.6,0.286,48.302986,11.636616
1754911782,41.9,0.323,48.30297,11.636578
1754911783,41.4,0.42,48.302963,11.636562
1754911784,48.1,0.334,48.302963,11.636561
1754911785,52.1,0.243,48.302963,11.636561
1754911786,39.9,0.325,48.302963,11.636561
1754911787,50.6,0.306,48.302963,11.636561
1754911788,46.0,0.311,48.302963,11.636561
1754911789,47.7,0.249,48.302963,11.636561
1754911790,42.8,0.285,48.302963,11.636561
1754911791,36.9,0.32,48.302963,11.636561
1754911792,52.1,0.338,48.302963,11.636561
1754911793,47.9,0.349,48.302963,11.636561
1754911794,48.2,0.238,48.302963,11.636561
1754911795,44.8,0.33,48.302963,11.636561
1754911796,42.1,0.242,48.302963,11.636561
1754911797,37.2,0.254,48.302963,11.636561
1754911798,51.9,0.336,48.302963,11.636561
1754911799,47.8,0.383,48.302963,11.636561
1754911800,41.1,0.26,48.302963,11.636561
1754911801,46.0,0.268,48.302963,11.636561
1754911802,49.9,0.272,48.302963,11.636561
1754911803,49.8,0.271,48.302963,11.636561
1754911804,44.1,0.393,48.302963,11.636561
1754911805,38.0,0.363,48.302963,11.636561
1754911806,37.7,0.238,48.302963,11.636561
1754911807,56.7,0.428,48.302963,11.636561
1754911808,49.7,0.334,48.302963,11.636561
1754911809,39.1,0.256,48.302963,11.636561
1754911810,45.1,0.294,48.302963,11.636561
1754911811,45.0,0.285,48.302963,11.636561
1754911812,46.9,0.276,48.302963,11.636561
1754911813,41.1,0.275,48.302963,11.636561
1754911814,36.7,0.353,48.302963,11.636561
1754911815,45.0,0.227,48.302963,11.636561
1754911816,48.7,0.464,48.302963,11.636561
1754911817,41.6,0.229,48.302963,11.636561
1754911818,43.7,0.419,48.302963,11.636561
1754911819,46.0,0.358,48.302963,11.636561
1754911820,50.7,0.245,48.302963,11.636561
1754911821,44.9,0.228,48.302963,11.636561
1754911822,41.8,0.37,48.302963,11.636561
1754911823,39.8,0.26,48.302963,11.636561
1754911824,48.8,0.252,48.302963,11.636561
1754911825,45.8,0.379,48.302963,11.636561
1754911826,47.2,0.326,48.302963,11.636561
1754911827,48.4,0.262,48.302963,11.636561
1754911828,46.0,0.306,48.302963,11.636561
1754911829,50.7,0.304,48.302963,11.636561
1754911830,42.2,0.251,48.302963,11.636561
1754911831,38.8,0.348,48.302963,11.636561
1754911832,48.0,0.302,48.302963,11.636561
1754911833,47.8,0.34,48.302963,11.636561
1754911834,49.1,0.389,48.302963,11.636561
1754911835,37.4,0.308,48.302963,11.636561
1754911836,51.1,0.353,48.302963,11.636561
1754911837,41.8,0.453,48.302961,11.636557
1754911838,44.1,0.334,48.302952,11.636536
1754911839,40.4,0.234,48.302935,11.636494
1754911840,43.0,0.33,48.302911,11.636437
1754911841,36.7,0.253,48.30288,11.636365
1754911842,44.9,0.402,48.302842,11.636277
1754911843,40.0,0.349,48.302799,11.636176
1754911844,47.1,0.297,48.30275,11.636064
1754911845,47.1,0.396,48.302698,11.635944
1754911846,50.0,0.341,48.302643,11.635817
1754911847,46.4,0.356,48.302585,11.635684
1754911848,41.0,0.361,48.302524,11.635546
1754911849,45.7,0.397,48.30246,11.635404
1754911850,50.3,0.24,48.302392,11.635257
1754911851,46.0,0.293,48.302321,11.635105
1754911852,42.7,0.345,48.302248,11.634948
1754911853,44.8,0.302,48.302171,11.634785
1754911854,48.9,0.262,48.30209,11.634618
1754911855,50.9,0.266,48.302005,11.634447
1754911856,42.0,0.38,48.301917,11.634271
1754911857,42.8,0.242,48.301824,11.634092
1754911858,37.9,0.239,48.301729,11.633911
1754911859,42.8,0.24,48.301636,11.633732
1754911860,40.7,0.349,48.301545,11.633554
1754911861,49.6,0.277,48.301455,11.633376
1754911862,50.9,0.321,48.301363,11.633196
1754911863,49.7,0.314,48.301271,11.633016
1754911864,38.5,0.279,48.301179,11.632837
1754911865,47.8,0.268,48.301088,11.632659
1754911866,48.1,0.302,48.300998,11.63248
1754911867,44.4,0.296,48.30091,11.6323
1754911868,43.6,0.344,48.300823,11.63212
1754911869,51.8,0.354,48.300738,11.631938
1754911870,45.8,0.291,48.300653,11.631758
1754911871,46.9,0.359,48.300567,11.631579
1754911872,39.2,0.246,48.300479,11.631403
1754911873,46.0,0.329,48.300392,11.631227
1754911874,36.1,0.29,48.300308,11.631052
1754911875,44.9,0.238,48.300228,11.630878
1754911876,41.0,0.363,48.30015,11.630704
1754911877,45.7,0.265,48.300074,11.630532
1754911878,40.2,0.262,48.300001,11.630365
1754911879,49.8,0.285,48.299931,11.630204
1754911880,45.1,0.315,48.299865,11.630054
1754911881,37.2,0.263,48.299806,11.629915
1754911882,36.6,0.334,48.299755,11.629796
1754911883,43.7,0.293,48.299714,11.629697
1754911884,44.8,0.366,48.299682,11.629618
1754911885,37.8,0.401,48.299661,11.629564
1754911886,49.8,0.335,48.299649,11.629536
1754911887,46.5,0.385,48.299646,11.629529
1754911888,38.8,0.255,48.299646,11.629529
1754911889,44.7,0.279,48.299646,11.629529
1754911890,40.0,0.414,48.299646,11.629529
1754911891,45.5,0.333,48.299646,11.629529
1754911892,43.8,0.339,48.299646,11.629529
1754911893,37.9,0.318,48.299646,11.629529
1754911894,43.9,0.381,48.299646,11.629529
1754911895,40.9,0.331,48.299646,11.629529
1754911896,53.7,0.368,48.299646,11.629529
1754911897,48.7,0.311,48.299646,11.629529
1754911898,41.8,0.272,48.299646,11.629529
1754911899,42.0,0.45,48.299646,11.629529
1754911900,53.6,0.301,48.299646,11.629527
1754911901,45.2,0.261,48.299639,11.629509
1754911902,41.5,0.404,48.299623,11.629469
1754911903,36.7,0.462,48.2996,11.629409
1754911904,48.1,0.246,48.299573,11.629339
1754911905,49.6,0.259,48.299545,11.629267
1754911906,49.9,0.232,48.299507,11.629204
1754911907,45.0,0.255,48.299458,11.629163
1754911908,40.9,0.339,48.299402,11.629156
1754911909,45.8,0.326,48.299344,11.629189
1754911910,52.8,0.388,48.299287,11.629252
1754911911,38.8,0.269,48.299223,11.629328
1754911912,47.7,0.437,48.29915,11.629414
1754911913,40.6,0.318,48.299068,11.629507
1754911914,50.5,0.328,48.29898,11.629605
1754911915,46.9,0.286,48.298889,11.629707
1754911916,38.7,0.388,48.298798,11.629818
1754911917,39.1,0.301,48.298712,11.629945
1754911918,51.0,0.398,48.298638,11.630092
1754911919,43.9,0.413,48.298579,11.630259
1754911920,37.8,0.304,48.298534,11.630441
1754911921,42.9,0.334,48.298498,11.630631
1754911922,50.1,0.295,48.298464,11.630823
1754911923,49.9,0.318,48.298424,11.631016
1754911924,44.0,0.316,48.298367,11.6312
1754911925,35.8,0.264,48.298288,11.631366
1754911926,49.9,0.364,48.298187,11.631505
1754911927,42.0,0.349,48.298068,11.631621
1754911928,38.0,0.32,48.297938,11.631722
1754911929,43.0,0.316,48.2978,11.631814
1754911930,63.8,0.294,48.297654,11.631899
1754911931,51.6,0.291,48.297502,11.631986
1754911932,49.1,0.332,48.297346,11.632078
1754911933,55.9,0.35,48.297184,11.632172
1754911934,43.7,0.33,48.297021,11.632266
1754911935,48.0,0.448,48.296861,11.632357
1754911936,48.3,0.349,48.296703,11.632448
1754911937,50.5,0.249,48.296546,11.632542
1754911938,35.6,0.295,48.296388,11.632638
1754911939,49.9,0.267,48.296228,11.632739
1754911940,50.5,0.344,48.296065,11.632849
1754911941,45.4,0.347,48.295897,11.632963
1754911942,38.2,0.312,48.29572,11.633074
1754911943,48.8,0.289,48.295535,11.633181
1754911944,38.9,0.429,48.295344,11.633287
1754911945,42.8,0.335,48.295148,11.633392
1754911946,43.9,0.302,48.29495,11.633498
1754911947,54.8,0.285,48.29475,11.633604
1754911948,57.9,0.231,48.294549,11.633709
1754911949,45.0,0.33,48.294348,11.633814
1754911950,47.1,0.285,48.294147,11.63392
1754911951,45.9,0.26,48.293945,11.634026
1754911952,42.9,0.345,48.293742,11.634133
1754911953,44.0,0.413,48.293537,11.634241
1754911954,38.5,0.251,48.293332,11.63435
1754911955,51.6,0.25,48.293127,11.63446
1754911956,45.1,0.241,48.292921,11.63457
1754911957,47.8,0.26,48.292715,11.634681
1754911958,42.6,0.279,48.292508,11.63479
1754911959,42.7,0.41,48.292301,11.6349
1754911960,42.7,0.275,48.292093,11.635009
1754911961,42.7,0.25,48.291885,11.635118
1754911962,43.9,0.24,48.291678,11.635227
1754911963,58.3,0.278,48.291472,11.635336
1754911964,37.8,0.278,48.291265,11.635446
1754911965,46.9,0.346,48.291058,11.635557
1754911966,37.3,0.35,48.290849,11.635668
1754911967,50.9,0.296,48.290638,11.635781
1754911968,59.9,0.363,48.290427,11.635893
